{
    "nb_max_threads":28,
    "plot_size": [10,6],
    "rnea":[5.31,3.60,2.71,2.27,1.94,1.69,1.43,1.28,0.94,0.66,0.60,0.61,0.82,0.76,0.56,0.46,0.43,0.40,0.38,0.38,0.37,0.36,0.34,0.33,0.33,0.32,0.32,0.32],
    "aba":[12.0251,6.73418,5.38093,4.07635,3.44062,3.29999,2.7218,1.91341,2.39186,1.53937,1.40527,1.29651,1.18383,1.11786,1.05464,1.01581,0.95795,0.906937,0.844008,0.785743,0.788258,1.03322,1.06412,0.726357,0.672259,0.654271,0.653594,0.6149]
}
