{
    "nb_max_threads":20,
    "rnea":[4.72737,2.41091,1.64174,1.24394,1.05132,0.88341,0.775898,0.68609,0.627893,0.572372,0.538765,0.495284,0.465548,0.445296,0.425581,0.404002,0.405833,0.382448,0.369738,0.353595],
    "aba":[10.4734,5.32941,3.63774,2.7536,2.29729,1.92429,1.67834,1.47885,1.34671,1.22469,1.13555,1.04568,0.984916,0.973086,0.902415,0.840514,0.814724,0.775161,0.737607,0.690653]
}
