{
    "nb_max_threads":32,
    "plot_size": [10,6],
    "rnea":[4.66582,2.33247,1.55945,1.15952,0.924471,0.777725,0.671218,0.582816,0.531545,0.476502,0.44037,0.402071,0.370869,0.352181,0.327822,0.303044,0.378802,0.353682,0.337809,0.318733,0.314409,0.294608,0.2878,0.269415,0.268006,0.251932,0.24747,0.247846,0.230027,0.228456,0.227598,0.208059],
    "aba":[10.1162,5.08514,3.41785,2.55819,2.05988,1.7232,1.48475,1.30463,1.16609,1.04708,0.963814,0.897901,0.828,0.772048,0.740461,0.674123,0.844149,0.798207,0.752548,0.700365,0.691924,0.652008,0.647394,0.597521,0.595242,0.552871,0.544669,0.542123,0.511558,0.509019,0.508553,0.483178]
}
