{
    "nb_max_threads":72,
    "rnea":[4.56777,2.63417,1.67923,1.75308,1.17492,1.26382,0.886452,0.965918,0.715598,0.776991,0.636116,0.65172,0.590065,0.366606,0.540083,0.493644,0.442653,0.433806,0.413189,0.414321,0.366664,0.343398,0.244842,0.290654,0.314628,0.291872,0.29281,0.311498,0.290271,0.291355,0.277595,0.263091,0.263026,0.266027,0.201055,0.237776,0.236029,0.212187,0.206382,0.205655,0.207545,0.208357,0.177917,0.178586,0.176796,0.206793,0.205862,0.207518,0.211134,0.20166,0.182221,0.154774,0.184141,0.158417,0.162639,0.159481,0.16073,0.164009,0.161395,0.166807,0.167339,0.16057,0.160589,0.161752,0.151208,0.152762,0.15213,0.158231,0.148214,0.149708,0.153968,0.153012],
    "aba":[10.8117,5.58142,3.7531,3.34592,2.37387,2.53364,1.61627,2.0228,1.27317,1.69973,1.51709,0.973038,1.05525,0.968243,0.940654,1.13891,0.752673,1.01483,0.692724,0.913996,0.718498,0.657292,0.772139,0.500854,0.500106,0.601611,0.586175,0.660323,0.654365,0.515612,0.59338,0.598009,0.572042,0.525675,0.523249,0.526706,0.449909,0.45232,0.449019,0.450172,0.450231,0.44608,0.455887,0.427043,0.385213,0.38711,0.381627,0.383073,0.38829,0.390995,0.385459,0.365857,0.386122,0.341719,0.325813,0.320507,0.32179,0.379884,0.395542,0.337144,0.341051,0.337137,0.341133,0.319207,0.324487,0.322015,0.302264,0.288677,0.287453,0.320456,0.324675,0.307729],
    "rnea_2":[4.55237,2.62652,1.68214,1.46506,1.1111,1.11225,0.998174,0.947816,0.843296,0.777148,0.458807,0.648793,0.579444,0.552399,0.477043,0.509354,0.488427,0.45263,0.404113,0.395612,0.382634,0.373758,0.348092,0.275883,0.218475,0.290634,0.219095,0.294122,0.291994,0.28452,0.275685,0.26051,0.245473,0.231469,0.247659,0.261501,0.235564,0.231846,0.221668,0.2051,0.204517,0.234724,0.204732,0.198509,0.175742,0.176368,0.176857,0.182057,0.178435,0.182178,0.17797,0.150004,0.159109,0.155473,0.160327,0.155947,0.164483,0.18231,0.188646,0.176986,0.164016,0.162402,0.166115,0.158033,0.157513,0.160921,0.159336,0.161424,0.165025,0.152131,0.149693,0.146982],
    "aba_2": [10.7941,5.73709,3.91359,3.37727,2.64983,2.15558,2.03921,1.80344,1.47385,1.36743,1.23594,1.28247,1.40663,1.10949,0.796641,1.01182,0.891514,0.96062,0.815235,0.853767,0.761212,0.763176,0.537595,0.781017,0.802271,0.491681,0.597188,0.595323,0.419684,0.598831,0.601751,0.605099,0.505863,0.494873,0.5228,0.530752,0.445922,0.474421,0.459668,0.526408,0.484227,0.458997,0.385066,0.385901,0.375437,0.386566,0.390977,0.394326,0.454309,0.380557,0.385604,0.328084,0.320422,0.317438,0.325966,0.321832,0.327278,0.332152,0.392688,0.343297,0.334252,0.338453,0.336979,0.322802,0.299396,0.286472,0.312197,0.327652,0.326072,0.307234,0.333345,0.335348]
}
