{
    "nb_max_threads":72,
    "rnea":[4.56777,2.63417,1.67923,1.75308,1.17492,1.26382,0.886452,0.965918,0.715598,0.776991,0.636116,0.65172,0.590065,0.366606,0.540083,0.493644,0.442653,0.433806,0.413189,0.414321,0.366664,0.343398,0.244842,0.290654,0.314628,0.291872,0.29281,0.311498,0.290271,0.291355,0.277595,0.263091,0.263026,0.266027,0.201055,0.237776,0.236029,0.212187,0.206382,0.205655,0.207545,0.208357,0.177917,0.178586,0.176796,0.206793,0.205862,0.207518,0.211134,0.20166,0.182221,0.154774,0.184141,0.158417,0.162639,0.159481,0.16073,0.164009,0.161395,0.166807,0.167339,0.16057,0.160589,0.161752,0.151208,0.152762,0.15213,0.158231,0.148214,0.149708,0.153968,0.153012],
    "aba":[10.8117,5.58142,3.7531,3.34592,2.37387,2.53364,1.61627,2.0228,1.27317,1.69973,1.51709,0.973038,1.05525,0.968243,0.940654,1.13891,0.752673,1.01483,0.692724,0.913996,0.718498,0.657292,0.772139,0.500854,0.500106,0.601611,0.586175,0.660323,0.654365,0.515612,0.59338,0.598009,0.572042,0.525675,0.523249,0.526706,0.449909,0.45232,0.449019,0.450172,0.450231,0.44608,0.455887,0.427043,0.385213,0.38711,0.381627,0.383073,0.38829,0.390995,0.385459,0.365857,0.386122,0.341719,0.325813,0.320507,0.32179,0.379884,0.395542,0.337144,0.341051,0.337137,0.341133,0.319207,0.324487,0.322015,0.302264,0.288677,0.287453,0.320456,0.324675,0.307729]
}
